Date_x,SessionTime_x,Time,RPM_x,Speed_x,nGear_x,Throttle_x,Brake_x,DRS_x,Source_x,Distance,RelativeDistance,X,Y,Z,Source_y,SessionTime_y
2024-03-23 05:58:16.025,0 days 01:13:14.637000,0 days 00:00:00.179000,11204,316,8,100,False,12,car,15.797222222222222,0.0030102810068471588,-1351.3156409605008,-1184.3013802629566,82.60393059421612,car,0 days 01:13:14.637000
2024-03-23 05:58:16.265,0 days 01:13:14.877000,0 days 00:00:00.419000,11219,317,8,100,False,12,car,36.93055555555556,0.007037398625994897,-1476.3891200002718,-1065.4020232756052,82.01825259091646,car,0 days 01:13:14.877000
2024-03-23 05:58:16.465,0 days 01:13:15.077000,0 days 00:00:00.619000,11258,319,8,100,False,12,car,54.652777777777786,0.010414503043734457,-1603.3505385432402,-944.6188326559915,82.00179224159018,car,0 days 01:13:15.077000
2024-03-23 05:58:16.745,0 days 01:13:15.357000,0 days 00:00:00.899000,11258,320,8,100,False,12,car,79.54166666666667,0.015157270376484684,-1781.4687349814756,-775.16469018564,80.32877888629379,car,0 days 01:13:15.357000
2024-03-23 05:58:17.145,0 days 01:13:15.757000,0 days 00:00:01.299000,11347,322,8,100,False,12,car,115.31944444444444,0.021974998417313134,-2048.389811810809,-521.0920539498069,78.57540708494265,car,0 days 01:13:15.757000
2024-03-23 05:58:17.305,0 days 01:13:15.917000,0 days 00:00:01.459000,11343,323,8,100,False,12,car,129.675,0.02471055886102443,-2147.6058104727244,-426.3205173210455,77.24392340994326,car,0 days 01:13:15.917000
2024-03-23 05:58:17.665,0 days 01:13:16.277000,0 days 00:00:01.819000,11515,324,8,100,False,12,car,162.075,0.03088462562097963,-2442.764133883361,-145.70360810119942,75.61556069369726,car,0 days 01:13:16.277000
2024-03-23 05:58:17.865,0 days 01:13:16.477000,0 days 00:00:02.019000,11551,325,8,100,False,12,car,180.13055555555556,0.034325249244068524,-2579.2481430301777,-18.462051198181214,75.04644293011808,car,0 days 01:13:16.477000
2024-03-23 05:58:18.105,0 days 01:13:16.717000,0 days 00:00:02.259000,11558,326,8,100,False,12,car,201.86388888888888,0.038466701432845064,-2717.6069101494786,112.62768499451586,75.24501972618654,car,0 days 01:13:16.717000
2024-03-23 05:58:18.264,0 days 01:13:16.876000,0 days 00:00:02.418000,11535,327,8,100,False,12,car,216.3063888888889,0.04121882980261831,-2799.4873130658666,191.51164140179134,75.78303181608567,car,0 days 01:13:16.876000
2024-03-23 05:58:18.584,0 days 01:13:17.196000,0 days 00:00:02.738000,11495,326,8,100,False,10,car,245.28416666666666,0.04674076605432036,-3001.304438792969,382.64559266422856,76.02070555068912,car,0 days 01:13:17.196000
2024-03-23 05:58:18.904,0 days 01:13:17.516000,0 days 00:00:03.058000,10581,320,8,4,True,8,car,273.7286111111111,0.05216107157746347,-3245.7752674059916,613.526249251333,78.06591203946753,car,0 days 01:13:17.516000
2024-03-23 05:58:19.184,0 days 01:13:17.796000,0 days 00:00:03.338000,10382,272,8,0,True,8,car,294.88416666666666,0.056192423810301165,-3429.0393327794845,791.8058738610043,80.39215515578273,car,0 days 01:13:17.796000
2024-03-23 05:58:19.544,0 days 01:13:18.156000,0 days 00:00:03.698000,10079,222,8,0,True,8,car,317.08416666666665,0.06042280288656677,-3520.2121945859417,908.8721619792096,81.06386149998897,car,0 days 01:13:18.156000
2024-03-23 05:58:19.784,0 days 01:13:18.396000,0 days 00:00:03.938000,10069,208,7,1,True,8,car,330.9508333333333,0.06306520182909904,-3594.673330058474,1014.3907626384101,80.255688927172,car,0 days 01:13:18.396000
2024-03-23 05:58:20.024,0 days 01:13:18.636000,0 days 00:00:04.178000,9802,195,5,10,True,8,car,343.9508333333333,0.06554245083772305,-3662.58420682339,1188.6613023814323,79.99872266217083,car,0 days 01:13:18.636000
2024-03-23 05:58:20.344,0 days 01:13:18.956000,0 days 00:00:04.498000,9877,191,5,62,False,8,car,360.92861111111114,0.06877769569684909,-3672.978165914466,1303.117103431944,80.79283202519514,car,0 days 01:13:18.956000
2024-03-23 05:58:20.704,0 days 01:13:19.316000,0 days 00:00:04.858000,10127,190,5,85,False,8,car,379.9286111111111,0.07239829040176109,-3645.910696886183,1492.7941916183267,83.10243116341499,car,0 days 01:13:19.316000
2024-03-23 05:58:20.864,0 days 01:13:19.476000,0 days 00:00:05.018000,10662,196,5,100,False,8,car,388.6397222222222,0.07405825896822367,-3619.292253800725,1602.884584136803,82.66104253907693,car,0 days 01:13:19.476000
2024-03-23 05:58:21.064,0 days 01:13:19.676000,0 days 00:00:05.218000,10704,200,5,100,False,8,car,399.75083333333333,0.07617556581320145,-3580.4302086156376,1757.7719399348018,82.07299597033419,car,0 days 01:13:19.676000
2024-03-23 05:58:21.304,0 days 01:13:19.916000,0 days 00:00:05.458000,10891,207,5,100,False,8,car,413.55083333333334,0.07880526091466386,-3562.580507634628,1838.1522846695211,81.92610608165243,car,0 days 01:13:19.916000
2024-03-23 05:58:21.544,0 days 01:13:20.156000,0 days 00:00:05.698000,10891,217,5,100,False,8,car,428.01750000000004,0.08156199442682494,-3551.3714763155895,1945.7096376559853,82.47563864453451,car,0 days 01:13:20.156000
2024-03-23 05:58:21.744,0 days 01:13:20.356000,0 days 00:00:05.898000,11547,221,5,100,False,8,car,440.29527777777776,0.08390161849052537,-3554.1608544645237,2090.453870842692,83.222569994385,car,0 days 01:13:20.356000
2024-03-23 05:58:21.944,0 days 01:13:20.556000,0 days 00:00:06.098000,11622,223,5,100,False,8,car,452.68416666666667,0.0862624156226756,-3574.786069437666,2255.6246207263603,83.9927509723109,car,0 days 01:13:20.556000
2024-03-23 05:58:22.264,0 days 01:13:20.876000,0 days 00:00:06.418000,11068,232,5,100,False,8,car,473.30638888888893,0.09019213712695437,-3611.2989358863215,2408.2392248870124,84.93237465271527,car,0 days 01:13:20.876000
2024-03-23 05:58:22.745,0 days 01:13:21.357000,0 days 00:00:06.899000,10953,241,6,100,False,8,car,505.5066666666667,0.0963281452963711,-3771.2182068952143,2719.465385514941,85.7902251197994,car,0 days 01:13:21.357000
2024-03-23 05:58:22.985,0 days 01:13:21.597000,0 days 00:00:07.139000,11096,244,6,100,False,8,car,521.7733333333334,0.09942788251741858,-3896.1414333774483,2885.740946257358,87.36527952886607,car,0 days 01:13:21.597000
2024-03-23 05:58:23.225,0 days 01:13:21.837000,0 days 00:00:07.379000,11226,249,6,100,False,8,car,538.3733333333333,0.10259113894381537,-3985.7012612551016,2980.6343356446814,88.65192973646091,car,0 days 01:13:21.837000
2024-03-23 05:58:23.585,0 days 01:13:22.197000,0 days 00:00:07.739000,11420,253,6,100,False,8,car,563.6733333333334,0.10741224662982979,-4171.066887912371,3148.8725691019463,88.65745126251235,car,0 days 01:13:22.197000
2024-03-23 05:58:23.985,0 days 01:13:22.597000,0 days 00:00:08.139000,11431,262,6,100,False,12,car,592.7844444444445,0.11295959056367157,-4373.579190654285,3322.793494804232,87.95433883876989,car,0 days 01:13:22.597000
2024-03-23 05:58:24.305,0 days 01:13:22.917000,0 days 00:00:08.459000,10725,267,7,100,False,12,car,616.5177777777778,0.1174821579845441,-4591.352959737803,3520.693538926732,87.94537167608829,car,0 days 01:13:22.917000
2024-03-23 05:58:24.545,0 days 01:13:23.157000,0 days 00:00:08.699000,10725,273,7,100,False,12,car,634.7177777777779,0.12095030659661772,-4694.316041598219,3615.2818451146227,88.69378486615648,car,0 days 01:13:23.157000
2024-03-23 05:58:24.905,0 days 01:13:23.517000,0 days 00:00:09.059000,11084,278,7,100,False,12,car,662.5177777777778,0.12624780832275212,-4868.0599608021685,3783.217367517217,89.07333526167909,car,0 days 01:13:23.517000
2024-03-23 05:58:25.144,0 days 01:13:23.756000,0 days 00:00:09.298000,11207,282,7,100,False,12,car,681.2394444444445,0.12981536449119743,-4975.874281704999,3889.2488603088527,89.84085200800983,car,0 days 01:13:23.756000
2024-03-23 05:58:25.384,0 days 01:13:23.996000,0 days 00:00:09.538000,11243,285,7,100,False,12,car,700.2394444444445,0.13343595919610943,-5232.557953497161,4151.674567212794,90.01187549736004,car,0 days 01:13:23.996000
2024-03-23 05:58:25.624,0 days 01:13:24.236000,0 days 00:00:09.778000,11425,289,7,100,False,12,car,719.5061111111112,0.1371073692653009,-5327.351195273685,4251.975260683803,90.34279111885385,car,0 days 01:13:24.236000
2024-03-23 05:58:25.904,0 days 01:13:24.516000,0 days 00:00:10.058000,11551,291,7,100,False,12,car,742.1394444444445,0.14142032330852064,-5424.579129734085,4360.138563426653,89.27073494046358,car,0 days 01:13:24.516000
2024-03-23 05:58:26.144,0 days 01:13:24.756000,0 days 00:00:10.298000,11695,295,7,100,False,12,car,761.8061111111111,0.1451679564241313,-5553.834809745256,4504.67823349277,89.00279712949566,car,0 days 01:13:24.756000
2024-03-23 05:58:26.384,0 days 01:13:24.996000,0 days 00:00:10.538000,10626,297,7,100,False,12,car,781.6061111111112,0.14894099722188173,-5705.212778952161,4678.555220221451,87.67119861009493,car,0 days 01:13:24.996000
2024-03-23 05:58:26.624,0 days 01:13:25.236000,0 days 00:00:10.778000,10699,299,8,100,False,12,car,801.5394444444446,0.15273944570177186,-5814.957415340744,4809.792347397113,86.30051992130882,car,0 days 01:13:25.236000
2024-03-23 05:58:26.904,0 days 01:13:25.516000,0 days 00:00:11.058000,10749,302,8,100,False,12,car,825.0283333333334,0.15721543237205488,-5945.4128999013465,4969.211600493819,86.11492304176024,car,0 days 01:13:25.516000
2024-03-23 05:58:27.264,0 days 01:13:25.876000,0 days 00:00:11.418000,10927,306,8,100,False,12,car,855.6283333333333,0.16304649542312366,-6135.121972933669,5212.673018237847,83.99649455974081,car,0 days 01:13:25.876000
2024-03-23 05:58:27.624,0 days 01:13:26.236000,0 days 00:00:11.778000,10988,310,8,100,False,12,car,886.6283333333334,0.1689537815206117,-6338.750191310909,5488.168403035682,84.50717897557692,car,0 days 01:13:26.236000
2024-03-23 05:58:27.904,0 days 01:13:26.516000,0 days 00:00:12.058000,11087,310,8,100,False,12,car,910.7394444444445,0.1735483373742135,-6467.06158894703,5666.904323058904,83.1428040282246,car,0 days 01:13:26.516000
2024-03-23 05:58:28.304,0 days 01:13:26.916000,0 days 00:00:12.458000,11066,313,8,100,False,12,car,945.5172222222224,0.18017550779899394,-6652.183731054099,5937.423499628977,82.49574592469173,car,0 days 01:13:26.916000
2024-03-23 05:58:28.504,0 days 01:13:27.116000,0 days 00:00:12.658000,10781,315,8,100,False,12,car,963.0172222222222,0.18351026607983392,-6758.066727871523,6096.030517786491,82.13472727404816,car,0 days 01:13:27.116000
2024-03-23 05:58:28.944,0 days 01:13:27.556000,0 days 00:00:13.098000,9706,256,8,0,True,8,car,994.3061111111112,0.18947260215529138,-7005.285664998018,6471.157888786647,86.55747409090543,car,0 days 01:13:27.556000
2024-03-23 05:58:29.104,0 days 01:13:27.716000,0 days 00:00:13.258000,9483,239,8,0,True,8,car,1004.9283333333334,0.19149674749909013,-7047.892545593565,6539.25418771214,87.8053836327088,car,0 days 01:13:27.716000
2024-03-23 05:58:29.305,0 days 01:13:27.917000,0 days 00:00:13.459000,9763,224,8,0,True,8,car,1017.4350000000001,0.1938799880837971,-7083.654993420745,6598.035170658282,88.23591005580856,car,0 days 01:13:27.917000
2024-03-23 05:58:29.785,0 days 01:13:28.397000,0 days 00:00:13.939000,10395,159,6,0,True,8,car,1038.635,0.1979198095440147,-7170.171105355994,6761.9916463040045,88.22808422651214,car,0 days 01:13:28.397000
2024-03-23 05:58:29.985,0 days 01:13:28.597000,0 days 00:00:14.139000,9642,144,4,0,True,8,car,1046.635,0.1994442704723987,-7194.089420619742,6847.113040006495,87.84284725391953,car,0 days 01:13:28.597000
2024-03-23 05:58:30.185,0 days 01:13:28.797000,0 days 00:00:14.339000,8940,133,3,0,True,8,car,1054.023888888889,0.20085227952430892,-7211.096454626196,6967.63476371808,85.70840033984642,car,0 days 01:13:28.797000
2024-03-23 05:58:30.465,0 days 01:13:29.077000,0 days 00:00:14.619000,8080,120,3,0,True,8,car,1063.3572222222222,0.20263081727409024,-7209.492089550899,7014.636237001739,85.83740823140364,car,0 days 01:13:29.077000
2024-03-23 05:58:30.705,0 days 01:13:29.317000,0 days 00:00:14.859000,7678,114,3,0,True,8,car,1070.957222222222,0.20407905515605504,-7197.801714154324,7083.415471313996,86.91065285031624,car,0 days 01:13:29.317000
2024-03-23 05:58:30.945,0 days 01:13:29.557000,0 days 00:00:15.099000,7494,108,3,1,False,8,car,1078.1572222222221,0.20545106999160065,-7173.847260659865,7152.955732916626,87.03451422268158,car,0 days 01:13:29.557000
2024-03-23 05:58:31.265,0 days 01:13:29.877000,0 days 00:00:15.419000,7700,102,3,29,False,8,car,1087.2238888888887,0.2071787923771025,-7101.207815832413,7248.5131945378835,88.35865645119813,car,0 days 01:13:29.877000
2024-03-23 05:58:31.505,0 days 01:13:30.117000,0 days 00:00:15.659000,8004,104,3,43,False,8,car,1094.1572222222221,0.20849999184836865,-7054.006776972443,7275.775625184843,88.86267019887055,car,0 days 01:13:30.117000
2024-03-23 05:58:31.664,0 days 01:13:30.276000,0 days 00:00:15.818000,8498,107,3,52,False,8,car,1098.8830555555555,0.20940053538220885,-7019.764504057832,7289.824505562632,89.12669566043898,car,0 days 01:13:30.276000
2024-03-23 05:58:31.944,0 days 01:13:30.556000,0 days 00:00:16.098000,8842,113,3,47,False,8,car,1107.6719444444443,0.21107532509658625,-6941.149416569393,7312.219660497012,88.65696356545173,car,0 days 01:13:30.556000
2024-03-23 05:58:32.224,0 days 01:13:30.836000,0 days 00:00:16.378000,8967,119,3,58,False,8,car,1116.9275,0.21283904169845275,-6847.959672433639,7327.91883443502,88.03756300911338,car,0 days 01:13:30.836000
2024-03-23 05:58:32.464,0 days 01:13:31.076000,0 days 00:00:16.618000,9976,128,3,82,False,8,car,1125.4608333333333,0.2144651333553957,-6774.17668574365,7337.633057154816,87.38345592999997,car,0 days 01:13:31.076000
2024-03-23 05:58:32.824,0 days 01:13:31.436000,0 days 00:00:16.978000,11081,147,3,100,False,8,car,1140.1608333333334,0.2172663303113013,-6573.318108392271,7361.591905444175,85.84276815860511,car,0 days 01:13:31.436000
2024-03-23 05:58:33.064,0 days 01:13:31.676000,0 days 00:00:17.218000,11660,156,3,100,False,8,car,1150.5608333333332,0.21924812951820047,-6518.385389989806,7364.980342338861,85.93219115572677,car,0 days 01:13:31.676000
2024-03-23 05:58:33.224,0 days 01:13:31.836000,0 days 00:00:17.378000,11256,166,3,100,False,8,car,1157.938611111111,0.22065402126326572,-6445.312743206365,7374.825625700673,86.05646642933088,car,0 days 01:13:31.836000
2024-03-23 05:58:33.664,0 days 01:13:32.276000,0 days 00:00:17.818000,10424,173,4,29,True,8,car,1179.0830555555556,0.22468325618925847,-6251.4819481470495,7413.124617294322,85.20326109151307,car,0 days 01:13:32.276000
2024-03-23 05:58:34.064,0 days 01:13:32.676000,0 days 00:00:18.218000,10205,170,4,25,False,8,car,1197.9719444444445,0.2282826778257207,-6086.407016645586,7487.0649584359135,83.80315280223171,car,0 days 01:13:32.676000
2024-03-23 05:58:34.304,0 days 01:13:32.916000,0 days 00:00:18.458000,9851,166,4,21,False,8,car,1209.038611111111,0.23039151544331854,-5999.35216963821,7552.035235689457,84.75754402496254,car,0 days 01:13:32.916000
2024-03-23 05:58:34.584,0 days 01:13:33.196000,0 days 00:00:18.738000,10246,162,4,62,False,8,car,1221.6386111111112,0.23279254140552338,-5915.775035354992,7644.893951346205,84.99437951640705,car,0 days 01:13:33.196000
2024-03-23 05:58:34.824,0 days 01:13:33.436000,0 days 00:00:18.978000,10570,168,4,78,False,8,car,1232.8386111111113,0.234926786705261,-5862.226962887484,7741.06525547262,86.39084434440082,car,0 days 01:13:33.436000
2024-03-23 05:58:35.024,0 days 01:13:33.636000,0 days 00:00:19.178000,10741,172,4,86,False,8,car,1242.3941666666667,0.23674767059194185,-5831.841425133643,7829.840821208665,87.78081984303228,car,0 days 01:13:33.636000
2024-03-23 05:58:35.544,0 days 01:13:34.156000,0 days 00:00:19.698000,11566,190,4,100,False,8,car,1269.838611111111,0.24197741849903695,-5811.62034861733,8092.962055955363,90.16569668096878,car,0 days 01:13:34.156000
2024-03-23 05:58:35.785,0 days 01:13:34.397000,0 days 00:00:19.939000,10344,193,4,100,False,8,car,1282.7588888888888,0.24443947583104825,-5823.702167212054,8226.730699761649,89.92912442729038,car,0 days 01:13:34.397000
2024-03-23 05:58:36.065,0 days 01:13:34.677000,0 days 00:00:20.219000,10859,205,5,100,False,8,car,1298.7033333333334,0.24747781115359138,-5844.642808530816,8383.879251292501,90.01342299453428,car,0 days 01:13:34.677000
2024-03-23 05:58:36.505,0 days 01:13:35.117000,0 days 00:00:20.659000,11307,218,5,100,False,8,car,1325.3477777777778,0.2525551129678481,-5884.827109351679,8643.128323051216,90.8824654992766,car,0 days 01:13:35.117000
2024-03-23 05:58:36.785,0 days 01:13:35.397000,0 days 00:00:20.939000,11720,226,5,100,False,8,car,1342.9255555555555,0.2559046923966029,-5913.690423640064,8811.534847000396,92.19710405416068,car,0 days 01:13:35.397000
2024-03-23 05:58:37.145,0 days 01:13:35.757000,0 days 00:00:21.299000,11149,233,5,100,False,8,car,1366.2255555555555,0.2603446848505213,-5946.934746032721,9174.896787466301,92.99792501705235,car,0 days 01:13:35.757000
2024-03-23 05:58:37.465,0 days 01:13:36.077000,0 days 00:00:21.619000,10954,239,6,100,False,8,car,1387.47,0.26439297553811886,-5944.402506117234,9313.595986411448,94.94865716413733,car,0 days 01:13:36.077000
2024-03-23 05:58:37.745,0 days 01:13:36.357000,0 days 00:00:21.899000,11154,246,6,100,False,8,car,1406.6033333333335,0.2680389779251706,-5911.1325955532275,9536.259810932464,94.0039010316771,car,0 days 01:13:36.357000
2024-03-23 05:58:37.985,0 days 01:13:36.597000,0 days 00:00:22.139000,11257,248,6,100,False,8,car,1423.1366666666668,0.27118953051049755,-5878.897765610601,9659.173415890993,93.69445542256044,car,0 days 01:13:36.597000
2024-03-23 05:58:38.145,0 days 01:13:36.757000,0 days 00:00:22.299000,11341,251,6,100,False,8,car,1434.2922222222223,0.27331530658285524,-5842.542897185949,9740.97141177329,94.30831529100709,car,0 days 01:13:36.757000
2024-03-23 05:58:38.384,0 days 01:13:36.996000,0 days 00:00:22.538000,11413,252,6,100,False,8,car,1451.0222222222224,0.2765033354993383,-5760.069352599958,9890.7292317688,96.1365436379767,car,0 days 01:13:36.996000
2024-03-23 05:58:38.744,0 days 01:13:37.356000,0 days 00:00:22.898000,11474,253,6,100,False,8,car,1476.3222222222223,0.28132444318535266,-5594.0423830320715,10083.015896818975,97.99787276620462,car,0 days 01:13:37.356000
2024-03-23 05:58:39.224,0 days 01:13:37.836000,0 days 00:00:23.378000,11229,262,6,100,False,8,car,1511.2555555555557,0.28798125590596285,-5328.1200547440285,10304.147641601709,99.01379624492512,car,0 days 01:13:37.836000
2024-03-23 05:58:39.584,0 days 01:13:38.196000,0 days 00:00:23.738000,10601,266,7,100,False,8,car,1537.8555555555556,0.29305008849283964,-5073.523017985275,10491.280739064856,95.45890392314823,car,0 days 01:13:38.196000
2024-03-23 05:58:40.024,0 days 01:13:38.636000,0 days 00:00:24.178000,10859,273,7,100,False,8,car,1571.2222222222224,0.2994083609483079,-4840.980430991324,10644.064647455736,94.3064173393635,car,0 days 01:13:38.636000
2024-03-23 05:58:40.384,0 days 01:13:38.996000,0 days 00:00:24.538000,11031,275,7,100,False,8,car,1598.7222222222224,0.3046486953896279,-4615.311091976755,10773.710921838388,91.95117425640434,car,0 days 01:13:38.996000
2024-03-23 05:58:40.704,0 days 01:13:39.316000,0 days 00:00:24.858000,11119,279,7,100,False,8,car,1623.5222222222224,0.3093745242676183,-4387.068822740266,10888.10580454444,92.720818234909,car,0 days 01:13:39.316000
2024-03-23 05:58:40.984,0 days 01:13:39.596000,0 days 00:00:25.138000,11224,281,7,100,False,8,car,1645.377777777778,0.31353926683168964,-4148.032112463398,10994.415115735532,91.49082700757481,car,0 days 01:13:39.596000
2024-03-23 05:58:41.184,0 days 01:13:39.796000,0 days 00:00:25.338000,11263,284,7,100,False,8,car,1661.1555555555558,0.3165458425515581,-4009.9878536690712,11054.449371896477,90.69040648650511,car,0 days 01:13:39.796000
2024-03-23 05:58:41.704,0 days 01:13:40.316000,0 days 00:00:25.858000,11375,289,7,100,False,8,car,1702.9,0.32450056436813957,-3679.5085981615352,11198.54111343161,90.1961096045681,car,0 days 01:13:40.316000
2024-03-23 05:58:41.864,0 days 01:13:40.476000,0 days 00:00:26.018000,11481,289,7,100,False,8,car,1715.7444444444445,0.3269481710809339,-3564.4403984433975,11249.660706615176,89.83158870430422,car,0 days 01:13:40.476000
2024-03-23 05:58:42.024,0 days 01:13:40.636000,0 days 00:00:26.178000,11474,291,7,100,False,8,car,1728.677777777778,0.32941271624848806,-3449.3139082624934,11301.50370750816,90.06979687229102,car,0 days 01:13:40.636000
2024-03-23 05:58:42.184,0 days 01:13:40.796000,0 days 00:00:26.338000,11515,291,7,100,False,8,car,1741.6111111111113,0.3318772614160422,-3347.7444023309117,11346.857010090378,90.37456654264173,car,0 days 01:13:40.796000
2024-03-23 05:58:42.385,0 days 01:13:40.997000,0 days 00:00:26.539000,11556,292,7,100,False,8,car,1757.9144444444446,0.3349839857496781,-3129.167820163698,11451.51118099061,89.00779759797118,car,0 days 01:13:40.997000
2024-03-23 05:58:42.705,0 days 01:13:41.317000,0 days 00:00:26.859000,11375,293,7,100,False,8,car,1783.958888888889,0.339946952994306,-2889.529078980408,11571.144214775602,88.10014172162052,car,0 days 01:13:41.317000
2024-03-23 05:58:42.985,0 days 01:13:41.597000,0 days 00:00:27.139000,10867,293,7,0,True,8,car,1806.7477777777779,0.34428954933335537,-2747.7107851138885,11659.967477287952,89.10320434646461,car,0 days 01:13:41.597000
2024-03-23 05:58:43.225,0 days 01:13:41.837000,0 days 00:00:27.379000,11034,251,7,0,True,8,car,1823.4811111111114,0.347478213441892,-2556.228742389464,11778.110982712893,88.89936370299696,car,0 days 01:13:41.837000
2024-03-23 05:58:43.425,0 days 01:13:42.037000,0 days 00:00:27.579000,10844,241,6,0,True,8,car,1836.8700000000003,0.35002956819009023,-2477.268819230729,11818.830573647487,88.42422412290381,car,0 days 01:13:42.037000
2024-03-23 05:58:43.665,0 days 01:13:42.277000,0 days 00:00:27.819000,10912,234,6,98,False,8,car,1852.4700000000003,0.353002267000439,-2344.137546081631,11850.66313039162,87.00762974547621,car,0 days 01:13:42.277000
2024-03-23 05:58:43.905,0 days 01:13:42.517000,0 days 00:00:28.059000,10876,235,6,100,False,8,car,1868.136666666667,0.3559876696518577,-2187.9172321852557,11841.469634518293,88.36236191158895,car,0 days 01:13:42.517000
2024-03-23 05:58:44.105,0 days 01:13:42.717000,0 days 00:00:28.259000,10904,236,6,100,False,8,car,1881.247777777778,0.3584860917289315,-2054.583671304675,11796.865869861753,89.51454139799293,car,0 days 01:13:42.717000
2024-03-23 05:58:44.265,0 days 01:13:42.877000,0 days 00:00:28.419000,10926,239,6,100,False,8,car,1891.8700000000003,0.3605102370727302,-1970.696520208397,11746.186566572342,90.42769734699917,car,0 days 01:13:42.877000
2024-03-23 05:58:44.465,0 days 01:13:43.077000,0 days 00:00:28.619000,11008,241,6,100,False,8,car,1905.2588888888893,0.36306159182092845,-1860.2050843021957,11664.361533476109,88.60905988641055,car,0 days 01:13:43.077000
2024-03-23 05:58:44.625,0 days 01:13:43.237000,0 days 00:00:28.779000,11086,244,6,100,False,8,car,1916.1033333333337,0.36512808330162677,-1772.4820872705393,11597.905230379214,88.04875312104393,car,0 days 01:13:43.237000
2024-03-23 05:58:44.945,0 days 01:13:43.557000,0 days 00:00:29.099000,11202,250,6,100,False,8,car,1938.3255555555559,0.3693626969915823,-1584.6259052662977,11489.28248077407,88.00055408195959,car,0 days 01:13:43.557000
2024-03-23 05:58:45.144,0 days 01:13:43.756000,0 days 00:00:29.298000,11321,251,6,100,False,8,car,1952.200277777778,0.37200663098157716,-1455.001978646067,11439.918562976638,87.84237190345546,car,0 days 01:13:43.756000
2024-03-23 05:58:45.544,0 days 01:13:44.156000,0 days 00:00:29.698000,11538,257,6,100,False,8,car,1980.7558333333336,0.3774481095731701,-1177.65257151045,11369.251920609944,90.11108490644118,car,0 days 01:13:44.156000
2024-03-23 05:58:45.744,0 days 01:13:44.356000,0 days 00:00:29.898000,11599,259,6,100,False,8,car,1995.1447222222225,0.3801900219374163,-1033.1698251671648,11339.106182107726,91.10596870922834,car,0 days 01:13:44.356000
2024-03-23 05:58:45.984,0 days 01:13:44.596000,0 days 00:00:30.138000,11409,262,6,100,False,8,car,2012.6113888888895,0.3835184282977214,-820.6019869243971,11299.177124592743,91.02294505644556,car,0 days 01:13:44.596000
2024-03-23 05:58:46.184,0 days 01:13:44.796000,0 days 00:00:30.338000,10681,264,7,100,False,8,car,2027.278055555556,0.38631327333309207,-697.2507267466775,11274.586672649675,90.83849629666302,car,0 days 01:13:44.796000
2024-03-23 05:58:46.424,0 days 01:13:45.036000,0 days 00:00:30.578000,10718,268,7,100,False,8,car,2045.1447222222225,0.3897179027398163,-548.5064917347139,11236.756599941706,91.37324689672882,car,0 days 01:13:45.036000
2024-03-23 05:58:46.624,0 days 01:13:45.236000,0 days 00:00:30.778000,10776,271,7,100,False,8,car,2060.200277777778,0.3925868535147612,-402.7274265881036,11194.002870120881,92.03169085336134,car,0 days 01:13:45.236000
2024-03-23 05:58:46.784,0 days 01:13:45.396000,0 days 00:00:30.938000,10945,273,7,100,False,8,car,2072.333611111111,0.3948989525894769,-285.42611936847265,11153.270966397931,92.02974536191255,car,0 days 01:13:45.396000
2024-03-23 05:58:47.144,0 days 01:13:45.756000,0 days 00:00:31.298000,10993,276,7,100,False,8,car,2099.933611111111,0.4001583427924017,30.257556601620607,11008.431873371526,93.13071531244306,car,0 days 01:13:45.756000
2024-03-23 05:58:47.344,0 days 01:13:45.956000,0 days 00:00:31.498000,11031,278,7,100,False,8,car,2115.378055555556,0.40310139930692085,108.02453263270448,10958.813868535995,92.64230936789214,car,0 days 01:13:45.956000
2024-03-23 05:58:47.624,0 days 01:13:46.236000,0 days 00:00:31.778000,11078,279,7,100,False,8,car,2137.0780555555557,0.40723649957516245,279.67084711153046,10814.864666051502,91.21959574152137,car,0 days 01:13:46.236000
2024-03-23 05:58:48.024,0 days 01:13:46.636000,0 days 00:00:32.178000,11203,281,7,100,False,8,car,2168.300277777778,0.41318613180955,510.58918683959644,10563.615555230508,90.07148274269356,car,0 days 01:13:46.636000
2024-03-23 05:58:48.264,0 days 01:13:46.876000,0 days 00:00:32.418000,11197,282,7,100,False,8,car,2187.100277777778,0.41676861499125245,606.9532357481442,10436.17585869782,89.96588452068993,car,0 days 01:13:46.876000
2024-03-23 05:58:48.464,0 days 01:13:47.076000,0 days 00:00:32.618000,11250,283,7,100,False,8,car,2202.8225000000007,0.4197646041768961,678.5735950784403,10325.06189502887,90.0065634122656,car,0 days 01:13:47.076000
2024-03-23 05:58:48.624,0 days 01:13:47.236000,0 days 00:00:32.778000,11253,284,7,100,False,8,car,2215.4447222222225,0.4221698647527907,749.6907246167588,10197.502592203971,89.95113255737533,car,0 days 01:13:47.236000
2024-03-23 05:58:48.864,0 days 01:13:47.476000,0 days 00:00:33.018000,11324,285,7,100,False,8,car,2234.4447222222225,0.4257904594577028,835.704593241177,10023.268635194814,90.36562614428284,car,0 days 01:13:47.476000
2024-03-23 05:58:49.065,0 days 01:13:47.677000,0 days 00:00:33.219000,11329,286,7,100,False,8,car,2250.4130555555557,0.42883334698996256,885.0282254003741,9898.145042366377,91.14232681230797,car,0 days 01:13:47.677000
2024-03-23 05:58:49.265,0 days 01:13:47.877000,0 days 00:00:33.419000,11357,287,7,100,False,8,car,2266.3574999999996,0.43187168231250556,937.8149157527346,9746.146474281348,91.8980112335216,car,0 days 01:13:47.877000
2024-03-23 05:58:49.505,0 days 01:13:48.117000,0 days 00:00:33.659000,11369,287,7,100,False,8,car,2285.4908333333333,0.4355176846995574,991.9925055220205,9562.255360550747,93.04081663127374,car,0 days 01:13:48.117000
2024-03-23 05:58:49.665,0 days 01:13:48.277000,0 days 00:00:33.819000,11386,289,7,100,False,8,car,2298.335277777778,0.43796529141235174,1024.1378554969626,9437.27096236031,93.00341943973851,car,0 days 01:13:48.277000
2024-03-23 05:58:50.705,0 days 01:13:49.317000,0 days 00:00:34.859000,10535,292,7,100,False,8,car,2382.6908333333336,0.45403988497942305,1163.0759396563253,8568.123520879728,94.72272208995466,car,0 days 01:13:49.317000
2024-03-23 05:58:51.105,0 days 01:13:49.717000,0 days 00:00:35.259000,10525,294,8,100,False,8,car,2415.3575,0.46026476710365766,1162.4213732698195,8265.182292864836,93.23040215734144,car,0 days 01:13:49.717000
2024-03-23 05:58:51.265,0 days 01:13:49.877000,0 days 00:00:35.419000,10540,295,8,100,False,8,car,2428.468611111111,0.4627631891807314,1155.3364177132078,8164.27480993798,92.59156785422326,car,0 days 01:13:49.877000
2024-03-23 05:58:51.465,0 days 01:13:50.077000,0 days 00:00:35.619000,10572,296,8,100,False,8,car,2444.9130555555557,0.46589680331129857,1143.4607914926296,7986.121173881893,91.91306833294999,car,0 days 01:13:50.077000
2024-03-23 05:58:51.705,0 days 01:13:50.317000,0 days 00:00:35.859000,10545,296,8,100,False,8,car,2464.6463888888893,0.46965714026797917,1126.0299212333862,7776.257090503133,91.90208907989961,car,0 days 01:13:50.317000
2024-03-23 05:58:51.984,0 days 01:13:50.596000,0 days 00:00:36.138000,10550,296,8,100,False,8,car,2487.586388888889,0.47402853198012024,1103.5384272751776,7563.743761455775,92.94124536629097,car,0 days 01:13:50.596000
2024-03-23 05:58:52.344,0 days 01:13:50.956000,0 days 00:00:36.498000,10592,297,8,100,False,14,car,2517.2863888888887,0.4796880931767458,1039.498101562447,7277.58877909698,93.0008595034626,car,0 days 01:13:50.956000
2024-03-23 05:58:52.664,0 days 01:13:51.276000,0 days 00:00:36.818000,10592,300,8,100,False,12,car,2543.9530555555552,0.48476962960469244,948.7948276507467,7027.0088517593895,92.94493090621886,car,0 days 01:13:51.276000
2024-03-23 05:58:52.944,0 days 01:13:51.556000,0 days 00:00:37.098000,10727,302,8,100,False,12,car,2567.4419444444443,0.4892456162749755,871.0853943367633,6808.096785067746,91.24883138158376,car,0 days 01:13:51.556000
2024-03-23 05:58:53.224,0 days 01:13:51.836000,0 days 00:00:37.378000,10799,304,8,100,False,12,car,2591.086388888889,0.49375124524108827,796.2588793369623,6583.447634154151,91.01470178655757,car,0 days 01:13:51.836000
2024-03-23 05:58:53.504,0 days 01:13:52.116000,0 days 00:00:37.658000,10862,306,8,100,False,12,car,2614.886388888889,0.4982865165030307,723.5940582711634,6357.4314334639785,90.65393402617751,car,0 days 01:13:52.116000
2024-03-23 05:58:53.704,0 days 01:13:52.316000,0 days 00:00:37.858000,10944,307,8,100,False,12,car,2631.9419444444443,0.5015365825100715,668.9446401052659,6197.0329231556,89.3748310496147,car,0 days 01:13:52.316000
2024-03-23 05:58:53.904,0 days 01:13:52.516000,0 days 00:00:38.058000,10978,309,8,100,False,12,car,2649.1086111111113,0.5048078215855623,609.1604296087016,6036.175867634649,88.21372927653239,car,0 days 01:13:52.516000
2024-03-23 05:58:54.264,0 days 01:13:52.876000,0 days 00:00:38.418000,11076,311,8,100,False,12,car,2680.208611111111,0.510734163444655,482.20683698652294,5753.479578631236,88.40946243125539,car,0 days 01:13:52.876000
2024-03-23 05:58:54.544,0 days 01:13:53.156000,0 days 00:00:38.698000,11032,312,8,100,False,12,car,2704.475277777778,0.5153583615940865,384.2786393860097,5526.603226448477,89.65743897984447,car,0 days 01:13:53.156000
2024-03-23 05:58:54.984,0 days 01:13:53.596000,0 days 00:00:39.138000,11147,314,8,100,False,12,car,2742.853055555556,0.5226715394366398,291.76863434907324,5162.140357384449,91.95275052097008,car,0 days 01:13:53.596000
2024-03-23 05:58:55.184,0 days 01:13:53.796000,0 days 00:00:39.338000,11170,315,8,100,False,12,car,2760.3530555555562,0.5260062977174799,267.33102267407,5001.826274965189,92.4508081995029,car,0 days 01:13:53.796000
2024-03-23 05:58:55.344,0 days 01:13:53.956000,0 days 00:00:39.498000,11156,315,8,100,False,12,car,2774.353055555556,0.5286741043421518,260.08146818809695,4840.453523644019,92.97366390979103,car,0 days 01:13:53.956000
2024-03-23 05:58:55.505,0 days 01:13:54.117000,0 days 00:00:39.659000,11157,316,8,100,False,12,car,2788.4852777777783,0.531367106918279,270.4024656861552,4535.421319181952,91.81838878538974,car,0 days 01:13:54.117000
2024-03-23 05:58:55.825,0 days 01:13:54.437000,0 days 00:00:39.979000,11175,317,8,100,False,12,car,2816.663055555556,0.5367365970771427,292.81658503707865,4200.285941388203,90.15410339693288,car,0 days 01:13:54.437000
2024-03-23 05:58:56.145,0 days 01:13:54.757000,0 days 00:00:40.299000,11227,318,8,100,False,12,car,2844.929722222223,0.5421230256907663,320.7754879949976,4013.323293574644,89.9944799215649,car,0 days 01:13:54.757000
2024-03-23 05:58:56.465,0 days 01:13:55.077000,0 days 00:00:40.619000,11323,318,8,100,False,12,car,2873.19638888889,0.5475094543043898,373.1935553564863,3738.78078617446,89.91751707845276,car,0 days 01:13:55.077000
2024-03-23 05:58:56.625,0 days 01:13:55.237000,0 days 00:00:40.779000,11266,319,8,100,False,12,car,2887.374166666668,0.5502111378385814,409.32011692367223,3601.528686190393,90.14709442818184,car,0 days 01:13:55.237000
2024-03-23 05:58:57.065,0 days 01:13:55.677000,0 days 00:00:41.219000,11320,319,8,100,False,12,car,2926.3630555555565,0.5576407675576084,536.9148728103786,3233.9710785514453,90.9466436902652,car,0 days 01:13:55.677000
2024-03-23 05:58:57.425,0 days 01:13:56.037000,0 days 00:00:41.579000,11316,320,8,100,False,12,car,2958.3630555555565,0.5637386112711444,666.9648585449838,2940.865403705208,91.9153039328125,car,0 days 01:13:56.037000
2024-03-23 05:58:57.665,0 days 01:13:56.277000,0 days 00:00:41.819000,11347,320,8,100,False,12,car,2979.69638888889,0.5678038404135018,762.7000655401492,2749.7051070579832,91.61612691058434,car,0 days 01:13:56.277000
2024-03-23 05:58:58.145,0 days 01:13:56.757000,0 days 00:00:42.299000,11391,321,8,100,False,12,car,3022.4963888888897,0.5759597063803562,984.0981143597944,2379.6931334584747,90.78975083376221,car,0 days 01:13:56.757000
2024-03-23 05:58:58.544,0 days 01:13:57.156000,0 days 00:00:42.698000,11369,322,8,100,False,12,car,3058.184722222223,0.5827603901010826,1203.4609188218376,2098.783917523642,89.80678723063905,car,0 days 01:13:57.156000
2024-03-23 05:58:58.704,0 days 01:13:57.316000,0 days 00:00:42.858000,11464,322,8,100,False,12,car,3072.495833333334,0.5854874813174139,1296.506058746103,1996.8524771873529,90.12285940283166,car,0 days 01:13:57.316000
2024-03-23 05:58:58.904,0 days 01:13:57.516000,0 days 00:00:43.058000,11486,322,8,100,False,12,car,3090.384722222223,0.5888963453378282,1428.2174026205173,1860.8976251324784,90.9595170877109,car,0 days 01:13:57.516000
2024-03-23 05:58:59.064,0 days 01:13:57.676000,0 days 00:00:43.218000,11485,323,8,100,False,12,car,3104.740277777779,0.5916319057815395,1524.0658287153417,1765.760239534351,90.93951664267905,car,0 days 01:13:57.676000
2024-03-23 05:58:59.264,0 days 01:13:57.876000,0 days 00:00:43.418000,11429,323,8,100,False,12,car,3122.6847222222227,0.5950513563361784,1697.5278246077612,1604.7511427099573,91.53132543594374,car,0 days 01:13:57.876000
2024-03-23 05:58:59.464,0 days 01:13:58.076000,0 days 00:00:43.618000,11420,323,8,100,False,12,car,3140.6291666666675,0.5984708068908177,1832.5815699031318,1483.2298893771124,92.59068797975098,car,0 days 01:13:58.076000
2024-03-23 05:58:59.664,0 days 01:13:58.276000,0 days 00:00:43.818000,11461,323,8,100,False,10,car,3158.5736111111114,0.6018902574454567,1924.2560074950927,1404.5938083877386,93.00680906684919,car,0 days 01:13:58.276000
2024-03-23 05:58:59.904,0 days 01:13:58.516000,0 days 00:00:44.058000,11424,323,8,100,False,8,car,3180.1069444444447,0.6059935981110236,2094.87312967944,1260.9492912056055,93.30735316103635,car,0 days 01:13:58.516000
2024-03-23 05:59:00.104,0 days 01:13:58.716000,0 days 00:00:44.258000,11285,322,8,100,False,8,car,3197.995833333334,0.6094024621314379,2237.9528744934087,1146.5743050037681,93.84941500021932,car,0 days 01:13:58.716000
2024-03-23 05:59:00.264,0 days 01:13:58.876000,0 days 00:00:44.418000,11362,321,8,100,False,8,car,3212.2625000000003,0.6121210841203893,2361.7898988382176,1052.821159027074,92.4041131535938,car,0 days 01:13:58.876000
2024-03-23 05:59:00.584,0 days 01:13:59.196000,0 days 00:00:44.738000,10941,296,8,0,True,8,car,3238.5736111111114,0.6171348667292967,2564.651092132728,914.6259408980691,91.66941603474697,car,0 days 01:13:59.196000
2024-03-23 05:59:00.864,0 days 01:13:59.476000,0 days 00:00:45.018000,10521,272,7,0,True,8,car,3259.729166666667,0.6211662189621344,2744.782519950375,825.8934744311167,89.5226958322362,car,0 days 01:13:59.476000
2024-03-23 05:59:01.144,0 days 01:13:59.756000,0 days 00:00:45.298000,10323,261,7,62,False,8,car,3280.029166666667,0.6250345385679088,2971.5170503521695,795.8358700722569,88.96313829856405,car,0 days 01:13:59.756000
2024-03-23 05:59:01.464,0 days 01:14:00.076000,0 days 00:00:45.618000,10307,257,7,96,False,8,car,3302.8736111111116,0.6293877214411832,3181.683853011068,812.0015415311822,89.04680267948468,car,0 days 01:14:00.076000
2024-03-23 05:59:01.864,0 days 01:14:00.476000,0 days 00:00:46.018000,10325,258,7,100,False,8,car,3331.540277777778,0.6348503731012258,3460.9400848640685,852.1426693297453,89.7851367914605,car,0 days 01:14:00.476000
2024-03-23 05:59:02.065,0 days 01:14:00.677000,0 days 00:00:46.219000,10382,263,7,80,False,8,car,3346.224444444445,0.6376485528948773,3617.1170548902,865.8947717203382,92.08964695100038,car,0 days 01:14:00.677000
2024-03-23 05:59:02.265,0 days 01:14:00.877000,0 days 00:00:46.419000,10351,263,7,87,False,8,car,3360.835555555556,0.640432811396023,3844.23255996148,870.1034864074941,91.95901719775125,car,0 days 01:14:00.877000
2024-03-23 05:59:02.625,0 days 01:14:01.237000,0 days 00:00:46.779000,10378,258,7,97,False,8,car,3386.6355555555565,0.6453491978900616,4007.3937017103362,849.32605117858,92.0275936552319,car,0 days 01:14:01.237000
2024-03-23 05:59:02.865,0 days 01:14:01.477000,0 days 00:00:47.019000,10692,260,7,100,False,8,car,3403.9688888888895,0.6486521965682269,4164.768046174757,797.0545773234983,93.52935189697315,car,0 days 01:14:01.477000
2024-03-23 05:59:03.025,0 days 01:14:01.637000,0 days 00:00:47.179000,10747,259,7,100,False,8,car,3415.480000000001,0.6508457264596239,4265.969705872645,738.7875786228323,94.80895008173862,car,0 days 01:14:01.637000
2024-03-23 05:59:03.305,0 days 01:14:01.917000,0 days 00:00:47.459000,10505,258,7,100,False,8,car,3435.5466666666675,0.6546695826216538,4426.915306821745,618.2667566058602,94.52512061732635,car,0 days 01:14:01.917000
2024-03-23 05:59:03.625,0 days 01:14:02.237000,0 days 00:00:47.779000,10653,262,7,100,False,8,car,3458.8355555555563,0.6591074577687271,4619.4437034382145,454.486141095182,93.99929751179499,car,0 days 01:14:02.237000
2024-03-23 05:59:03.785,0 days 01:14:02.397000,0 days 00:00:47.939000,10639,262,7,100,False,8,car,3470.4800000000005,0.6613263953422639,4696.551283797086,386.13221587276786,94.05060138687499,car,0 days 01:14:02.397000
2024-03-23 05:59:04.105,0 days 01:14:02.717000,0 days 00:00:48.259000,10597,265,7,100,False,8,car,3494.035555555556,0.6658150858536168,4873.57300379782,237.20448565148882,92.4098593200634,car,0 days 01:14:02.717000
2024-03-23 05:59:04.305,0 days 01:14:02.917000,0 days 00:00:48.459000,10794,267,7,100,False,8,car,3508.8688888888896,0.6686416904916621,4993.68585603734,139.01529414985094,91.94428239125358,car,0 days 01:14:02.917000
2024-03-23 05:59:04.585,0 days 01:14:03.197000,0 days 00:00:48.739000,10894,272,7,100,False,14,car,3530.0244444444447,0.6726730427244998,5151.488084731987,7.430671403871612,92.0020813175759,car,0 days 01:14:03.197000
2024-03-23 05:59:04.865,0 days 01:14:03.477000,0 days 00:00:49.019000,11098,277,7,100,False,12,car,3551.5688888888894,0.6767785006969117,5317.775799149398,-133.48476038559647,90.88892488781862,car,0 days 01:14:03.477000
2024-03-23 05:59:05.025,0 days 01:14:03.637000,0 days 00:00:49.179000,11098,280,7,100,False,12,car,3564.0133333333342,0.6791498843632869,5420.832996705102,-222.4567166378779,91.11442653107568,car,0 days 01:14:03.637000
2024-03-23 05:59:05.225,0 days 01:14:03.837000,0 days 00:00:49.379000,11162,282,7,100,False,12,car,3579.6800000000007,0.6821352870147055,5539.495906075837,-323.35561464602284,91.9668530958329,car,0 days 01:14:03.837000
2024-03-23 05:59:05.504,0 days 01:14:04.116000,0 days 00:00:49.658000,11335,285,7,100,False,12,car,3601.767500000001,0.6863442283591658,5693.468899658612,-456.0354765568544,91.74276535107943,car,0 days 01:14:04.116000
2024-03-23 05:59:05.664,0 days 01:14:04.276000,0 days 00:00:49.818000,11433,286,7,100,False,12,car,3614.4786111111116,0.6887664273898203,5786.564135993783,-540.7936374316589,93.15802419909448,car,0 days 01:14:04.276000
2024-03-23 05:59:05.984,0 days 01:14:04.596000,0 days 00:00:50.138000,11548,291,7,100,False,12,car,3640.3452777777784,0.6936955177249285,5968.68321347665,-720.6339441602477,94.02201493727222,car,0 days 01:14:04.596000
2024-03-23 05:59:06.384,0 days 01:14:04.996000,0 days 00:00:50.538000,11065,295,7,100,False,12,car,3673.123055555556,0.699941572917613,6179.030848513993,-972.2556097572422,94.424737090175,car,0 days 01:14:04.996000
2024-03-23 05:59:06.784,0 days 01:14:05.396000,0 days 00:00:50.938000,10639,298,8,100,False,12,car,3706.234166666668,0.706251147315647,6358.363399795264,-1242.8800818362804,95.8451960659649,car,0 days 01:14:05.396000
2024-03-23 05:59:07.184,0 days 01:14:05.796000,0 days 00:00:51.338000,10759,301,8,100,False,12,car,3739.6786111111123,0.71262424091903,6555.973070761561,-1619.7900073762744,99.22777611679268,car,0 days 01:14:05.796000
2024-03-23 05:59:07.344,0 days 01:14:05.956000,0 days 00:00:51.498000,10783,303,8,100,False,12,car,3753.1452777777786,0.7151904168151431,6615.904900343972,-1759.3523603699016,99.79897273585911,car,0 days 01:14:05.956000
2024-03-23 05:59:07.544,0 days 01:14:06.156000,0 days 00:00:51.698000,10836,304,8,100,False,12,car,3770.0341666666677,0.7184087232195093,6665.768429903552,-1880.6880059733626,100.1779599307084,car,0 days 01:14:06.156000
2024-03-23 05:59:07.784,0 days 01:14:06.396000,0 days 00:00:51.938000,10893,306,8,100,False,12,car,3790.434166666668,0.7222960985868885,6711.212323376323,-2002.4806765371027,99.9445662304618,car,0 days 01:14:06.396000
2024-03-23 05:59:08.264,0 days 01:14:06.876000,0 days 00:00:52.418000,10960,309,8,100,False,12,car,3831.6341666666676,0.7301470723680661,6849.9282654529125,-2392.436107915632,99.04552056554199,car,0 days 01:14:06.876000
2024-03-23 05:59:08.424,0 days 01:14:07.036000,0 days 00:00:52.578000,11066,311,8,100,False,12,car,3845.45638888889,0.7327810020832185,6894.527319996552,-2521.846116970164,98.80264191200722,car,0 days 01:14:07.036000
2024-03-23 05:59:08.584,0 days 01:14:07.196000,0 days 00:00:52.738000,11098,311,8,100,False,12,car,3859.2786111111122,0.7354149317983708,6938.328716509412,-2652.668033507721,97.26572401399714,car,0 days 01:14:07.196000
2024-03-23 05:59:08.825,0 days 01:14:07.437000,0 days 00:00:52.979000,11157,313,8,100,False,12,car,3880.2322222222233,0.739407801979301,7003.140520688519,-2852.94184919489,96.82337037354363,car,0 days 01:14:07.437000
2024-03-23 05:59:08.985,0 days 01:14:07.597000,0 days 00:00:53.139000,11208,314,8,100,False,12,car,3894.187777777779,0.7420671393765932,7046.635548739279,-2985.4516538453863,96.11372341727609,car,0 days 01:14:07.597000
2024-03-23 05:59:09.145,0 days 01:14:07.757000,0 days 00:00:53.299000,11136,315,8,100,False,12,car,3908.1877777777786,0.7447349460012651,7089.138854502662,-3117.8649359485858,95.1349218922317,car,0 days 01:14:07.757000
2024-03-23 05:59:09.385,0 days 01:14:07.997000,0 days 00:00:53.539000,11184,316,8,100,False,12,car,3929.2544444444457,0.7487493597793431,7153.104094434694,-3318.901833159753,94.93016095672888,car,0 days 01:14:07.997000
2024-03-23 05:59:09.665,0 days 01:14:08.277000,0 days 00:00:53.819000,11247,317,8,100,False,12,car,3953.910000000001,0.7534476636683487,7229.503627916409,-3552.4023361458258,92.80717169365778,car,0 days 01:14:08.277000
2024-03-23 05:59:10.025,0 days 01:14:08.637000,0 days 00:00:54.179000,11192,317,8,100,False,10,car,3985.610000000001,0.7594883400970703,7326.691272447966,-3853.9236493347175,93.00228981558897,car,0 days 01:14:08.637000
2024-03-23 05:59:10.305,0 days 01:14:08.917000,0 days 00:00:54.459000,10464,314,8,0,True,8,car,4010.0322222222235,0.7641421805423315,7414.15938052456,-4184.12016865536,94.16183618160308,car,0 days 01:14:08.917000
2024-03-23 05:59:10.665,0 days 01:14:09.277000,0 days 00:00:54.819000,9453,244,8,0,True,8,car,4034.4322222222236,0.7687917863739028,7444.286970710061,-4353.4361649201255,95.22174477129718,car,0 days 01:14:09.277000
2024-03-23 05:59:10.905,0 days 01:14:09.517000,0 days 00:00:55.059000,9460,212,8,0,True,8,car,4048.565555555557,0.7714850006807145,7485.879981059048,-4571.3953895414825,96.9940433899284,car,0 days 01:14:09.517000
2024-03-23 05:59:11.145,0 days 01:14:09.757000,0 days 00:00:55.299000,8954,174,8,0,True,8,car,4060.1655555555567,0.7736954690268713,7497.578414674996,-4634.4207121561985,97.89391691241214,car,0 days 01:14:09.757000
2024-03-23 05:59:11.305,0 days 01:14:09.917000,0 days 00:00:55.459000,9031,164,8,0,True,8,car,4067.454444444446,0.7750844223171768,7497.940524024945,-4707.704045035841,98.08977503726491,car,0 days 01:14:09.917000
2024-03-23 05:59:11.545,0 days 01:14:10.157000,0 days 00:00:55.699000,8250,143,5,0,True,8,car,4076.9877777777792,0.7769010715901676,7493.0625216991775,-4850.116296683753,97.9038219647418,car,0 days 01:14:10.157000
2024-03-23 05:59:11.945,0 days 01:14:10.557000,0 days 00:00:56.099000,7547,130,4,3,True,8,car,4091.4322222222236,0.7796535704886387,7457.850956584189,-4927.1952671256595,96.98513206367126,car,0 days 01:14:10.557000
2024-03-23 05:59:12.104,0 days 01:14:10.716000,0 days 00:00:56.258000,7629,128,4,4,True,8,car,4097.085555555557,0.7807308562113635,7425.214630151984,-4967.91081984946,96.99210632654592,car,0 days 01:14:10.716000
2024-03-23 05:59:12.344,0 days 01:14:10.956000,0 days 00:00:56.498000,7609,122,4,34,False,8,car,4105.21888888889,0.7822807248218873,7350.171103661511,-5019.747680853278,96.99906640898493,car,0 days 01:14:10.956000
2024-03-23 05:59:12.704,0 days 01:14:11.316000,0 days 00:00:56.858000,8116,126,4,59,False,8,car,4117.818888888891,0.7846817507840921,7188.811346503491,-5081.291903072324,97.07161091081964,car,0 days 01:14:11.316000
2024-03-23 05:59:12.904,0 days 01:14:11.516000,0 days 00:00:57.058000,8584,130,4,71,False,8,car,4125.041111111113,0.7860580002333277,7143.777622537355,-5093.187781376715,97.05821941201543,car,0 days 01:14:11.516000
2024-03-23 05:59:13.104,0 days 01:14:11.716000,0 days 00:00:57.258000,8880,137,4,100,False,8,car,4132.652222222225,0.7875083554221376,7066.595766688357,-5115.002944829004,96.6165732285317,car,0 days 01:14:11.716000
2024-03-23 05:59:13.504,0 days 01:14:12.116000,0 days 00:00:57.658000,9762,155,4,100,False,8,car,4149.874444444446,0.7907901810318531,6909.787025691663,-5159.948002791401,96.03246361408051,car,0 days 01:14:12.116000
2024-03-23 05:59:13.984,0 days 01:14:12.596000,0 days 00:00:58.138000,11113,176,4,100,False,8,car,4173.341111111113,0.795261933088446,6718.333988211615,-5210.655276898882,95.0028085166609,car,0 days 01:14:12.596000
2024-03-23 05:59:14.184,0 days 01:14:12.796000,0 days 00:00:58.338000,11423,184,4,100,False,8,car,4183.563333333335,0.7972098553858257,6607.276180720974,-5238.535399124456,94.86229382228977,car,0 days 01:14:12.796000
2024-03-23 05:59:14.344,0 days 01:14:12.956000,0 days 00:00:58.498000,11423,191,4,100,False,8,car,4192.052222222224,0.7988274778153887,6461.4703933245155,-5273.746031195245,93.92872729452816,car,0 days 01:14:12.956000
2024-03-23 05:59:14.624,0 days 01:14:13.236000,0 days 00:00:58.778000,11837,201,4,100,False,8,car,4207.685555555558,0.8018065285462724,6435.464559497176,-5278.202639744624,94.04393257847785,car,0 days 01:14:13.236000
2024-03-23 05:59:14.824,0 days 01:14:13.436000,0 days 00:00:58.978000,10782,208,4,100,False,8,car,4219.241111111113,0.8040085276650493,6279.112944181235,-5316.230184594897,93.02254452875448,car,0 days 01:14:13.436000
2024-03-23 05:59:15.024,0 days 01:14:13.636000,0 days 00:00:59.178000,10782,214,5,100,False,8,car,4231.130000000002,0.8062740459891755,6013.868748998174,-5382.715161603271,91.1519020740444,car,0 days 01:14:13.636000
2024-03-23 05:59:15.184,0 days 01:14:13.796000,0 days 00:00:59.338000,11258,217,5,100,False,8,car,4240.774444444447,0.8081118683306163,6001.364611141867,-5387.855794159919,91.25118202506526,car,0 days 01:14:13.796000
2024-03-23 05:59:15.385,0 days 01:14:13.997000,0 days 00:00:59.539000,11512,222,5,100,False,8,car,4253.169444444447,0.8104738299815314,5948.616135776085,-5403.067966977935,90.69807968827129,car,0 days 01:14:13.997000
2024-03-23 05:59:15.625,0 days 01:14:14.237000,0 days 00:00:59.779000,11836,229,5,100,False,8,car,4268.436111111114,0.8133830095865308,5804.694411863802,-5437.717556954728,88.93377735250479,car,0 days 01:14:14.237000
2024-03-23 05:59:15.785,0 days 01:14:14.397000,0 days 00:00:59.939000,12028,232,5,100,False,8,car,4278.747222222225,0.8153478703386702,5704.337561191865,-5462.394681192349,88.03694595533419,car,0 days 01:14:14.397000
2024-03-23 05:59:16.025,0 days 01:14:14.637000,0 days 00:01:00.179000,12283,239,5,100,False,8,car,4294.680555555558,0.8183840883543684,5548.73700076324,-5510.015480875229,87.71863937612878,car,0 days 01:14:14.637000
2024-03-23 05:59:16.185,0 days 01:14:14.797000,0 days 00:01:00.339000,11303,241,5,71,False,8,car,4305.391666666669,0.8204251721529269,5438.273071577863,-5537.581870412098,86.79162064281326,car,0 days 01:14:14.797000
2024-03-23 05:59:16.345,0 days 01:14:14.957000,0 days 00:01:00.499000,10692,239,5,73,False,8,car,4316.013888888891,0.8224493174967256,5346.502127162329,-5553.5025918746205,86.0767495930052,car,0 days 01:14:14.957000
2024-03-23 05:59:16.505,0 days 01:14:15.117000,0 days 00:01:00.659000,10703,239,5,70,False,8,car,4326.636111111114,0.8244734628405244,5245.730059195534,-5561.871525398315,85.59256089156537,car,0 days 01:14:15.117000
2024-03-23 05:59:16.745,0 days 01:14:15.357000,0 days 00:01:00.899000,10133,235,6,19,False,8,car,4342.302777777781,0.8274588654919431,5090.001626814173,-5554.152139913486,84.27650766383833,car,0 days 01:14:15.357000
2024-03-23 05:59:16.985,0 days 01:14:15.597000,0 days 00:01:01.139000,10701,234,6,100,False,8,car,4357.902777777781,0.8304315643022919,4943.99028031109,-5511.890413389135,83.73943066775368,car,0 days 01:14:15.597000
2024-03-23 05:59:17.425,0 days 01:14:16.037000,0 days 00:01:01.579000,10888,239,6,100,False,8,car,4387.113888888892,0.8359979639977385,4700.762107578432,-5341.360223752063,83.04071370091995,car,0 days 01:14:16.037000
2024-03-23 05:59:17.865,0 days 01:14:16.477000,0 days 00:01:02.019000,11066,242,6,100,False,8,car,4416.691666666669,0.8416342348190693,4505.367281972796,-5107.59496492734,82.9951309990498,car,0 days 01:14:16.477000
2024-03-23 05:59:18.145,0 days 01:14:16.757000,0 days 00:01:02.299000,11141,246,6,100,False,8,car,4435.825000000003,0.845280237206121,4414.407511574732,-4959.628881628683,82.99807287663984,car,0 days 01:14:16.757000
2024-03-23 05:59:18.345,0 days 01:14:16.957000,0 days 00:01:02.499000,11101,249,6,100,False,8,car,4449.6583333333365,0.8479162842281185,4348.272463296385,-4837.017354838875,83.01508874481132,car,0 days 01:14:16.957000
2024-03-23 05:59:18.545,0 days 01:14:17.157000,0 days 00:01:02.699000,11297,251,6,100,False,8,car,4463.602777777781,0.8505735043185656,4284.589746359683,-4711.053303885919,82.8576885701081,car,0 days 01:14:17.157000
2024-03-23 05:59:18.824,0 days 01:14:17.436000,0 days 00:01:02.978000,11381,254,6,100,False,8,car,4483.287777777781,0.8543246309904705,4205.484357860556,-4550.95400406643,84.5003295151152,car,0 days 01:14:17.436000
2024-03-23 05:59:18.984,0 days 01:14:17.596000,0 days 00:01:03.138000,11441,257,6,100,False,8,car,4494.710000000003,0.8565012224271076,4128.135056635467,-4385.578827779067,85.61527934212927,car,0 days 01:14:17.596000
2024-03-23 05:59:19.304,0 days 01:14:17.916000,0 days 00:01:03.458000,11021,260,6,100,True,8,car,4517.821111111114,0.8609052206646614,4042.833973139791,-4200.905634958396,85.86715047498639,car,0 days 01:14:17.916000
2024-03-23 05:59:19.744,0 days 01:14:18.356000,0 days 00:01:03.898000,9849,197,6,0,True,8,car,4541.8988888888925,0.8654934245977284,3926.214129353682,-3977.9427905217017,87.71174832588403,car,0 days 01:14:18.356000
2024-03-23 05:59:20.104,0 days 01:14:18.716000,0 days 00:01:04.258000,10231,166,4,0,True,8,car,4558.498888888892,0.8686566810241251,3831.476397883937,-3831.7196967395366,87.99941473202688,car,0 days 01:14:18.716000
2024-03-23 05:59:20.264,0 days 01:14:18.876000,0 days 00:01:04.418000,10486,151,3,0,True,8,car,4565.210000000004,0.8699355343584917,3793.6954256537383,-3778.1377745141076,88.04478324604473,car,0 days 01:14:18.876000
2024-03-23 05:59:20.544,0 days 01:14:19.156000,0 days 00:01:04.698000,9190,138,3,0,True,8,car,4575.943333333336,0.8719808527707401,3700.1940809512344,-3681.0494844525256,86.92333157418261,car,0 days 01:14:19.156000
2024-03-23 05:59:20.704,0 days 01:14:19.316000,0 days 00:01:04.858000,8517,127,3,0,True,8,car,4581.587777777781,0.8730564446479889,3672.2674510303023,-3661.171318055314,87.04002206568116,car,0 days 01:14:19.316000
2024-03-23 05:59:21.104,0 days 01:14:19.716000,0 days 00:01:05.258000,7459,113,3,0,True,8,car,4594.143333333337,0.8754490013828139,3563.803607386813,-3629.849572227473,85.9418312249302,car,0 days 01:14:19.716000
2024-03-23 05:59:21.264,0 days 01:14:19.876000,0 days 00:01:05.418000,7136,107,3,0,True,8,car,4598.8988888888925,0.8763552087124644,3516.4600449668833,-3631.3211912652705,85.9904769944452,car,0 days 01:14:19.876000
2024-03-23 05:59:21.464,0 days 01:14:20.076000,0 days 00:01:05.618000,7181,102,3,0,False,8,car,4604.565555555559,0.8774350352034029,3458.261801962602,-3643.311071299317,85.94262277920326,car,0 days 01:14:20.076000
2024-03-23 05:59:21.744,0 days 01:14:20.356000,0 days 00:01:05.898000,7194,96,3,11,False,8,car,4612.032222222225,0.8788578654032279,3388.4627251043207,-3675.7246774975556,86.99617546572566,car,0 days 01:14:20.356000
2024-03-23 05:59:21.985,0 days 01:14:20.597000,0 days 00:01:06.139000,7516,98,3,41,False,8,car,4618.592777777781,0.8801080292298451,3333.080994399679,-3715.702249957693,86.96748871197929,car,0 days 01:14:20.597000
2024-03-23 05:59:22.145,0 days 01:14:20.757000,0 days 00:01:06.299000,7702,100,3,43,False,8,car,4623.037222222225,0.8809549519678361,3298.2143140163153,-3748.7805785517994,87.01457642825993,car,0 days 01:14:20.757000
2024-03-23 05:59:22.385,0 days 01:14:20.997000,0 days 00:01:06.539000,8086,104,3,46,False,8,car,4629.970555555558,0.8822761514391023,3255.4053514385837,-3796.3449835665597,86.91665296465179,car,0 days 01:14:20.997000
2024-03-23 05:59:22.625,0 days 01:14:21.237000,0 days 00:01:06.779000,8463,110,3,53,False,8,car,4637.303888888891,0.8836735739567876,3212.2068999524427,-3853.0486896648804,85.92794948771619,car,0 days 01:14:21.237000
2024-03-23 05:59:23.025,0 days 01:14:21.637000,0 days 00:01:07.179000,9869,127,3,83,False,8,car,4651.415000000003,0.8863625536499095,3130.343921818616,-3986.00753086265,85.09628543561193,car,0 days 01:14:21.637000
2024-03-23 05:59:23.265,0 days 01:14:21.877000,0 days 00:01:07.419000,10761,138,3,100,False,8,car,4660.6150000000025,0.888115683717551,3096.1070527321017,-4049.2879587061225,84.89381725025768,car,0 days 01:14:21.877000
2024-03-23 05:59:23.625,0 days 01:14:22.237000,0 days 00:01:07.779000,11217,156,3,100,False,8,car,4676.215000000003,0.8910883825278999,2985.571841768625,-4198.321150704938,85.03220089717648,car,0 days 01:14:22.237000
2024-03-23 05:59:23.825,0 days 01:14:22.437000,0 days 00:01:07.979000,10684,167,3,100,False,8,car,4685.492777777781,0.8928563337434564,2905.9628172816874,-4276.32665550845,84.34762941867723,car,0 days 01:14:22.437000
2024-03-23 05:59:24.105,0 days 01:14:22.717000,0 days 00:01:08.259000,11057,175,4,96,False,8,car,4699.1038888888925,0.8954500346285542,2793.9937359556675,-4350.63149469897,82.93335138813646,car,0 days 01:14:22.717000
2024-03-23 05:59:24.385,0 days 01:14:22.997000,0 days 00:01:08.539000,11139,180,4,74,False,8,car,4713.1038888888925,0.8981178412532262,2670.031804339197,-4411.889935992373,82.39818954332931,car,0 days 01:14:22.997000
2024-03-23 05:59:24.625,0 days 01:14:23.237000,0 days 00:01:08.779000,11400,184,4,74,False,8,car,4725.370555555559,0.9004553480100816,2570.3677891902726,-4445.137256508126,81.56399218416463,car,0 days 01:14:23.237000
2024-03-23 05:59:24.825,0 days 01:14:23.437000,0 days 00:01:08.979000,11748,187,4,85,False,8,car,4735.759444444448,0.9024350299101358,2484.3845807468833,-4459.37375568695,80.91199805569862,car,0 days 01:14:23.437000
2024-03-23 05:59:25.345,0 days 01:14:23.957000,0 days 00:01:09.499000,10094,193,5,72,False,8,car,4763.637222222225,0.9077473527841851,2155.3253560106473,-4416.90722747066,82.09371576408243,car,0 days 01:14:23.957000
2024-03-23 05:59:25.544,0 days 01:14:24.156000,0 days 00:01:09.698000,10387,196,5,100,False,8,car,4774.47166666667,0.9098119386887229,2086.394350638074,-4392.734998734333,82.48665308930768,car,0 days 01:14:24.156000
2024-03-23 05:59:25.864,0 days 01:14:24.476000,0 days 00:01:10.018000,10833,201,5,100,False,8,car,4792.338333333337,0.9132165680954473,1955.6896987251325,-4330.446047817041,84.83276370802686,car,0 days 01:14:24.476000
2024-03-23 05:59:26.064,0 days 01:14:24.676000,0 days 00:01:10.218000,11023,208,5,100,False,8,car,4803.893888888892,0.9154185672142241,1860.9509179053412,-4268.693153305568,84.99640301292814,car,0 days 01:14:24.676000
2024-03-23 05:59:26.224,0 days 01:14:24.836000,0 days 00:01:10.378000,11182,213,5,100,False,8,car,4813.360555555559,0.9172225126461452,1785.5979956586302,-4209.965554161279,85.81161732055061,car,0 days 01:14:24.836000
2024-03-23 05:59:26.504,0 days 01:14:25.116000,0 days 00:01:10.658000,11627,218,5,100,False,14,car,4830.316111111114,0.9204535228915812,1669.0094551629406,-4107.491108291299,85.18085934572778,car,0 days 01:14:25.116000
2024-03-23 05:59:26.904,0 days 01:14:25.516000,0 days 00:01:11.058000,11109,226,5,100,False,12,car,4855.427222222225,0.925238636361231,1410.7652977222974,-3862.903285040723,84.47213430575997,car,0 days 01:14:25.516000
2024-03-23 05:59:27.144,0 days 01:14:25.756000,0 days 00:01:11.298000,10808,237,6,100,False,12,car,4871.227222222225,0.9282494466947893,1297.949407750565,-3752.5800716784306,84.05749369143506,car,0 days 01:14:25.756000
2024-03-23 05:59:27.304,0 days 01:14:25.916000,0 days 00:01:11.458000,10973,239,6,100,False,12,car,4881.849444444447,0.9302735920385881,1215.0231647750124,-3671.553165768889,84.73817011409227,car,0 days 01:14:25.916000
2024-03-23 05:59:27.464,0 days 01:14:26.076000,0 days 00:01:11.618000,11026,244,6,100,False,12,car,4892.693888888891,0.9323400835192862,1134.9492224464575,-3593.2216594535093,85.68902455896527,car,0 days 01:14:26.076000
2024-03-23 05:59:27.704,0 days 01:14:26.316000,0 days 00:01:11.858000,11339,249,6,100,False,12,car,4909.293888888891,0.9355033399456831,1049.0526481993927,-3508.534343815322,86.03719943590971,car,0 days 01:14:26.316000
2024-03-23 05:59:27.944,0 days 01:14:26.556000,0 days 00:01:12.098000,11513,256,6,100,False,12,car,4926.360555555558,0.938755523259569,973.8562612859411,-3433.8460460401284,85.99374399633167,car,0 days 01:14:26.556000
2024-03-23 05:59:28.144,0 days 01:14:26.756000,0 days 00:01:12.298000,11630,260,6,100,False,12,car,4940.805000000002,0.9415080221580401,871.8835280903194,-3333.570087319316,86.94345446650999,car,0 days 01:14:26.756000
2024-03-23 05:59:28.425,0 days 01:14:27.037000,0 days 00:01:12.579000,10611,266,6,100,False,12,car,4961.567777777779,0.9454645275939076,706.6270170920875,-3173.138566357959,87.1151930139856,car,0 days 01:14:27.037000
2024-03-23 05:59:28.665,0 days 01:14:27.277000,0 days 00:01:12.819000,10728,268,7,100,False,12,car,4979.434444444447,0.9488691570006321,543.0045330672881,-3011.484253570269,88.12720914949766,car,0 days 01:14:27.277000
2024-03-23 05:59:28.945,0 days 01:14:27.557000,0 days 00:01:13.099000,10948,275,7,100,False,12,car,5000.8233333333355,0.9529449726772143,447.74352549277984,-2918.933773347329,87.8530363318391,car,0 days 01:14:27.557000
2024-03-23 05:59:29.185,0 days 01:14:27.797000,0 days 00:01:13.339000,11139,278,7,100,False,12,car,5019.356666666668,0.9564766404946372,271.33919668104176,-2746.0604907840557,88.92724475398806,car,0 days 01:14:27.797000
2024-03-23 05:59:29.425,0 days 01:14:28.037000,0 days 00:01:13.579000,11201,283,7,100,False,12,car,5038.223333333334,0.9600718275174093,164.15636603147294,-2641.1643425537204,88.88361811793295,car,0 days 01:14:28.037000
2024-03-23 05:59:29.625,0 days 01:14:28.237000,0 days 00:01:13.779000,11201,286,7,100,False,12,car,5054.112222222223,0.9630995763057275,63.40850762231692,-2542.1653459561658,89.37328011714786,car,0 days 01:14:28.237000
2024-03-23 05:59:29.785,0 days 01:14:28.397000,0 days 00:01:13.939000,11422,287,7,100,False,12,car,5066.867777777778,0.9655302445637619,-32.825089916574235,-2447.5679565720707,90.07527814124718,car,0 days 01:14:28.397000
2024-03-23 05:59:30.225,0 days 01:14:28.837000,0 days 00:01:14.379000,11577,293,7,100,False,12,car,5102.6788888888905,0.9723543245251255,-357.2851161118062,-2129.187993829306,90.05692269890832,car,0 days 01:14:28.837000
2024-03-23 05:59:30.385,0 days 01:14:28.997000,0 days 00:01:14.539000,11670,295,7,100,False,12,car,5115.790000000001,0.9748527466021991,-388.09721623205195,-2098.7065519655525,90.25078648218125,car,0 days 01:14:28.997000
2024-03-23 05:59:30.585,0 days 01:14:29.197000,0 days 00:01:14.739000,10690,295,8,100,False,12,car,5132.17888888889,0.9779757741985413,-506.14572747413524,-1987.2556770054362,89.36127868978176,car,0 days 01:14:29.197000
2024-03-23 05:59:30.745,0 days 01:14:29.357000,0 days 00:01:14.899000,10653,299,8,100,False,12,car,5145.467777777778,0.9805080731851347,-657.00020482708,-1845.183422750976,88.09346749370478,car,0 days 01:14:29.357000
2024-03-23 05:59:31.025,0 days 01:14:29.637000,0 days 00:01:15.179000,10776,302,8,100,False,12,car,5168.956666666667,0.9849840598554177,-771.2423133135231,-1735.8749777446244,88.05636853695987,car,0 days 01:14:29.637000
2024-03-23 05:59:31.305,0 days 01:14:29.917000,0 days 00:01:15.459000,10856,304,8,100,False,12,car,5192.601111111111,0.9894896888215304,-903.1034095890614,-1610.3860113300962,86.91641539174353,car,0 days 01:14:29.917000
2024-03-23 05:59:31.585,0 days 01:14:30.197000,0 days 00:01:15.739000,10973,308,8,100,False,12,car,5216.556666666666,0.9940546023793024,-1090.7764237417064,-1431.8656534696515,85.21271767512681,car,0 days 01:14:30.197000
